{
  "buy_model": {
    "price_above_ema9": -0.19166454711977846,
    "price_above_ema30": 0.5775116148564386,
    "ema9_above_ema30": -0.10672178213674094,
    "ema_spread_accelerating": -0.15984124456818216,
    "macd_above_signal": -0.08800730391222131,
    "macd_above_zero": -0.46278494597396375,
    "macd_positive_hist": -0.10482467511179745,
    "volume_above_average": 0.030673857990937053,
    "volume_ratio": 0.0,
    "ha_uptrend": -0.058172506999474086
  },
  "sell_model": {
    "price_above_ema9": 0.0,
    "price_above_ema30": 0.0,
    "ema9_above_ema30": 0.0,
    "ema_spread_accelerating": 0.0,
    "macd_above_signal": 0.0,
    "macd_above_zero": 0.0,
    "macd_positive_hist": 0.0,
    "volume_above_average": 0.0,
    "volume_ratio": 0.0,
    "ha_uptrend": 0.0
  }
}