{
  "symbols_analyzed": 2,
  "total_trades": 2,
  "avg_total_return": 0.015597033824999964,
  "avg_sharpe_ratio": 2.0434106836715733,
  "avg_max_drawdown": -0.007853550594661779
}