{
  "symbols_analyzed": 2,
  "total_trades": 2,
  "avg_total_return": 0.020150732274999972,
  "avg_sharpe_ratio": 2.108505875100711,
  "avg_max_drawdown": -0.010228877907466336
}