{
  "symbols_analyzed": 4,
  "total_trades": 4,
  "avg_total_return": 0.004765157437499983,
  "avg_sharpe_ratio": 1.6368440847710644,
  "avg_max_drawdown": -0.0038039407043581703
}