{
  "buy_model": {
    "price_above_ema9": -0.09090909090909091,
    "price_above_ema30": -0.09090909090909091,
    "ema9_above_ema30": -0.09090909090909091,
    "macd_above_signal": -0.09090909090909091,
    "macd_above_zero": -0.09090909090909091,
    "signal_above_zero": -0.09090909090909091,
    "macd_positive_hist": -0.09090909090909091,
    "ha_uptrend": -0.09090909090909091,
    "above_resistance": 0.09090909090909091,
    "breakout_confirmed": 0.09090909090909091,
    "higher_highs_higher_lows": -0.09090909090909091
  },
  "sell_model": {
    "price_above_ema9": -0.09090909090909091,
    "price_above_ema30": -0.09090909090909091,
    "ema9_above_ema30": -0.09090909090909091,
    "macd_above_signal": -0.09090909090909091,
    "macd_above_zero": -0.09090909090909091,
    "signal_above_zero": -0.09090909090909091,
    "macd_positive_hist": -0.09090909090909091,
    "ha_uptrend": -0.09090909090909091,
    "above_resistance": -0.09090909090909091,
    "breakout_confirmed": -0.09090909090909091,
    "higher_highs_higher_lows": -0.09090909090909091
  }
}