{
  "symbols_analyzed": 4,
  "total_trades": 4,
  "avg_total_return": 0.007371509937500013,
  "avg_sharpe_ratio": 1.700656106198503,
  "avg_max_drawdown": -0.006374622080978284
}