{
  "buy_model": {
    "price_above_ema9": -0.07692307692307693,
    "price_above_ema30": -0.07692307692307693,
    "ema9_above_ema30": -0.07692307692307693,
    "macd_above_signal": -0.07692307692307693,
    "macd_above_zero": -0.07692307692307693,
    "signal_above_zero": -0.07692307692307693,
    "macd_positive_hist": -0.07692307692307693,
    "ha_uptrend": -0.07692307692307693,
    "above_resistance": -0.07692307692307693,
    "breakout_confirmed": 0.07692307692307693,
    "higher_highs_higher_lows": -0.07692307692307693,
    "clean_uptrend": 0.07692307692307693,
    "volume_confirmed_move": -0.07692307692307693
  },
  "sell_model": {
    "price_above_ema9": -0.07692307692307693,
    "price_above_ema30": -0.07692307692307693,
    "ema9_above_ema30": -0.07692307692307693,
    "macd_above_signal": -0.07692307692307693,
    "macd_above_zero": -0.07692307692307693,
    "signal_above_zero": -0.07692307692307693,
    "macd_positive_hist": -0.07692307692307693,
    "ha_uptrend": -0.07692307692307693,
    "above_resistance": -0.07692307692307693,
    "breakout_confirmed": -0.07692307692307693,
    "higher_highs_higher_lows": 0.07692307692307693,
    "clean_uptrend": 0.07692307692307693,
    "volume_confirmed_move": -0.07692307692307693
  }
}